{
    "position_in_meters": {
        "x": -0.14231599867343903,
        "y": 0.11634600162506104,
        "z": 0.4009999942779541
    },
    "rotation_euler_xyz_in_radians": {
        "roll": -3.141592653589793,
        "pitch": 0.0,
        "yaw": -1.5707963267948966
    }
}{
    "position_in_meters": {
        "x": 0.241115003824234,
        "y": 0.12830500304698944,
        "z": 0.4239999961853027
    },
    "rotation_euler_xyz_in_radians": {
        "roll": -3.141592653589793,
        "pitch": 0.0,
        "yaw": -1.5707963267948966
    }
}