{
    "image_resolution": {
        "width": 640,
        "height": 480
    },
    "focal_lengths_in_pixels": {
        "fx": 385.76702880859375,
        "fy": 385.0887145996094
    },
    "principal_point_in_pixels": {
        "cx": 327.74560546875,
        "cy": 244.9661102294922
    }
}