{
  "camera_h": {
    "image_resolution": {
      "width": 848,
      "height": 480
    },
    "focal_lengths_in_pixels": {
      "fx": 435.288269042969,
      "fy": 434.671447753906
    },
    "principal_point_in_pixels": {
      "cx": 431.516052246094,
      "cy": 243.547393798828
    }
  },
  "camera_l": {
    "image_resolution": {
      "width": 848,
      "height": 480
    },
    "focal_lengths_in_pixels": {
      "fx": 435.288269042969,
      "fy": 434.671447753906
    },
    "principal_point_in_pixels": {
      "cx": 431.516052246094,
      "cy": 243.547393798828
    }
  },
  "camera_r": {
    "image_resolution": {
      "width": 848,
      "height": 480
    },
    "focal_lengths_in_pixels": {
      "fx": 435.288269042969,
      "fy": 434.671447753906
    },
    "principal_point_in_pixels": {
      "cx": 431.516052246094,
      "cy": 243.547393798828
    }
  }
}