{
    "image_resolution": {
        "width": 640,
        "height": 480
    },
    "focal_lengths_in_pixels": {
        "fx": 386.97552490234375,
        "fy": 386.29510498046875
    },
    "principal_point_in_pixels": {
        "cx": 327.74560546875,
        "cy": 244.9661102294922
    }
}