{
    "image_resolution": {
        "width": 1280,
        "height": 720
    },
    "focal_lengths_in_pixels": {
        "fx": 645.13427734375,
        "fy": 644.0
    },
    "principal_point_in_pixels": {
        "cx": 652.9093017578125,
        "cy": 368.2768249511719
    }
}